{"version":"2.1.0","$schema":"https://schemastore.azurewebsites.net/schemas/json/sarif-2.1.0-rtm.5.json","runs":[{"results":[],"taxonomies":[{"name":"CWE","version":"3.2","releaseDateUtc":"2019-01-03","guid":"9e4fb1b4-1874-4f73-af0d-b47e7303bdeb","informationUri":"https://cwe.mitre.org/data/published/cwe_v3.2.pdf","downloadUri":"https://cwe.mitre.org/data/xml/cwec_v3.2.xml.zip","organization":"MITRE","shortDescription":{"text":"The MITRE Common Weakness Enumeration"},"taxa":[]}],"tool":{"driver":{"name":"TitaniumCore","organization":"ReversingLabs","version":"5.0.0.7","supportedTaxonomies":[{"name":"CWE","guid":"9e4fb1b4-1874-4f73-af0d-b47e7303bdeb"}],"rules":[]}}}]}