{"duration":"00:00:00.664","report":{"info":{"detections":{"Goodware":{"No Threats Detected":8},"Unknown":{"No Threats Detected":6}},"disabled":["SQ14120","SQ14126","SQ14129","SQ14130","SQ14131","SQ14132","SQ14133","SQ14136","SQ20105"],"file":{"classification":{"result":"","status":"Unknown"},"format":"Wheel","hashes":[["md5","a7b5cfb3320a91da8fe50a76ee16f6dc"],["sha1","e2c900ff13c350dd9d3e3cc79d58feb8365c678c"],["sha256","c363f35542b10160ee77664b47093a59642c968bb34567ca2ae593fdddaf3008"]],"identity":{"authors":["","<Maarten Boot <130295084+mboot-github@users.noreply.github.com>>","DannyCork"],"community":"general","dependencies":[],"homepage":"","license":"Permissive (MIT)","product":"whoisdomain","publisher":"","repository":"https://github.com/mboot-github/WhoisDomain/","version":"1.20230504.1","vulnerabilities":[]},"name":"whoisdomain-1.20230504.1-py3-none-any.whl","path":"","quality":{"effort":"low","priority":4,"severity":"low","status":"pass"},"sbom":true,"size":40428,"subtype":"Python","type":"Package","version":"Generic"},"properties":[],"statistics":{"components":1,"extracted":14,"quality":{"metrics":{"high":0,"low":0,"medium":0},"priority":4,"status":"pass"},"vulnerabilities":{"critical":0,"high":0,"low":0,"malware":0,"mandate":0,"medium":0,"named":0,"total":0}},"warnings":[]},"metadata":{"assessments":{"license":{"count":0,"final":false,"label":"No restricted license inclusions","status":"pass"},"malware":{"count":0,"final":false,"label":"No evidence of malware inclusion","status":"pass"},"mitigations":{"count":0,"final":false,"label":"No vulnerability mitigation issues","status":"pass"},"secrets":{"count":0,"final":false,"label":"No sensitive information found","status":"pass"},"tampering":{"count":0,"final":false,"label":"No evidence of software tampering","status":"pass"},"vulnerability":{"count":0,"final":false,"label":"No known vulnerabilities detected","status":"pass"}},"components":{"63a05a50-b1e1-40c4-8516-1adab5ca6985":{"classification":{"result":"","status":"Unknown"},"format":"Wheel","hashes":[["md5","a7b5cfb3320a91da8fe50a76ee16f6dc"],["sha1","e2c900ff13c350dd9d3e3cc79d58feb8365c678c"],["sha256","c363f35542b10160ee77664b47093a59642c968bb34567ca2ae593fdddaf3008"]],"identity":{"authors":["","<Maarten Boot <130295084+mboot-github@users.noreply.github.com>>","DannyCork"],"community":"general","dependencies":[],"homepage":"","license":"Permissive (MIT)","product":"whoisdomain","publisher":"","repository":"https://github.com/mboot-github/WhoisDomain/","version":"1.20230504.1","vulnerabilities":[]},"name":"whoisdomain-1.20230504.1-py3-none-any.whl","path":"","quality":{"effort":"low","priority":4,"severity":"low","status":"pass"},"sbom":true,"size":40428,"subtype":"Python","type":"Package","version":"Generic"}},"dependencies":null,"indicators":{"30845178-9a02-43a5-9e40-61ade7644763":{"category":"network","description":"Contains URLs that link to dynamic DNS services.","exclusions":0,"occurrences":1,"priority":4,"rule_id":"BH16125","violations":0},"47a069cb-d720-477f-90b2-4ebe0a2aad86":{"category":"settings","description":"Enumerates system information.","exclusions":0,"occurrences":1,"priority":4,"rule_id":"BH19295","violations":0},"4dcc8882-421e-4687-934a-6b62bcb03803":{"category":"network","description":"Contains URLs with suspicious path components.","exclusions":0,"occurrences":2,"priority":5,"rule_id":"BH16117","violations":0},"4f79da31-7076-440e-b0d6-de7aa8911f3e":{"category":"search","description":"Queries the value of an environment variable.","exclusions":0,"occurrences":2,"priority":3,"rule_id":"BH12858","violations":0},"7249e3fc-a382-4496-9a51-477a488c4ac1":{"category":"execution","description":"Creates a process.","exclusions":0,"occurrences":2,"priority":6,"rule_id":"BH12214","violations":0},"a066f226-160d-48d8-a65f-dfb929a561ec":{"category":"search","description":"Enumerates files in a given directory.","exclusions":0,"occurrences":1,"priority":3,"rule_id":"BH19175","violations":0},"aeb249b2-8a52-44f5-8256-adc3e35b30d6":{"category":"execution","description":"Terminates a process.","exclusions":0,"occurrences":1,"priority":3,"rule_id":"BH12793","violations":0}},"violations":null,"vulnerabilities":null}},"schema":1,"timestamp":"2023-05-04T09:38:23+02:00","version":"5.0.0.7"}