{"bomFormat":"CycloneDX","specVersion":"1.4","serialNumber":"urn:uuid:14be4602-990c-4c75-9094-485128b74701","version":1,"metadata":{"timestamp":"2023-05-04T09:38:23+02:00","tools":[{"vendor":"ReversingLabs","name":"SDLC Report Generator","version":"5.0.0.7"}],"component":{"type":"application","bom-ref":"63a05a50-b1e1-40c4-8516-1adab5ca6985","author":", <Maarten Boot <130295084+mboot-github@users.noreply.github.com>>, DannyCork","publisher":"","name":"whoisdomain","version":"1.20230504.1","description":"Python package for retrieving WHOIS information of domains.","hashes":[{"alg":"MD5","content":"a7b5cfb3320a91da8fe50a76ee16f6dc"},{"alg":"SHA-1","content":"e2c900ff13c350dd9d3e3cc79d58feb8365c678c"},{"alg":"SHA-256","content":"c363f35542b10160ee77664b47093a59642c968bb34567ca2ae593fdddaf3008"}],"licenses":[{"license":{"name":"Permissive (MIT)"}}],"cpe":""},"licenses":[{"license":{"name":"Permissive (MIT)"}}]},"components":[],"dependencies":[],"vulnerabilities":[]}